table_name;ordinal_position;column_name;data_type;dictionary;unit_format;exp_item;field_desc;remarks;mandatory;key;null_value;ecosys_parameter
gr_iev;1;survey_year;smallint;;;;Year of the data collection;;1;1;;0
gr_iev;2;code_country;smallint;d_country;;;Unique ID of each country;;1;1;;0
gr_iev;3;code_plot;integer;;;;Observation plot number;A unique number (per country) given to the permanent plot during the selection or installation;1;1;;0
gr_iev;4;trees_number;smallint;;;;Total number of trees (shoots in coppice forests) per plot;All trees/shoots from 5/3 cm (DBH) and more are counted;1;0;;0
gr_iev;5;basal_area_1;numeric;;m²/ha;;Basal area per plot;Rounded to 1 decimal;0;0;;1
gr_iev;6;volume_1;numeric;;m³;https://icp-forests.org/documentation/ExplanatoryItems/68.html;Volume per plot;;0;0;;1
gr_iev;7;basal_area_2;numeric;;m²/ha;;Basal area per plot;Rounded to 1 decimal;0;0;;1
gr_iev;8;volume_2;numeric;;m³;https://icp-forests.org/documentation/ExplanatoryItems/68.html;Volume per plot;;0;0;;1
gr_iev;9;thinning_0_5;smallint;;YES = 1, NO = 0;https://icp-forests.org/documentation/ExplanatoryItems/69.html;Thinning between now and 5 years ago;;0;0;;1
gr_iev;10;basal_area_5;numeric;;m²/ha;;Basal area per plot 5 years ago;Rounded to 1 decimal;0;0;;1
gr_iev;11;volume_5;numeric;;m³;https://icp-forests.org/documentation/ExplanatoryItems/68.html;Volume per plot 5 years ago;;0;0;;1
gr_iev;12;thinning_5_10;smallint;;YES = 1, NO = 0;https://icp-forests.org/documentation/ExplanatoryItems/69.html;Thinning between 5 and 10 years ago;;0;0;;1
gr_iev;13;basal_area_10;numeric;;m²/ha;;Basal area per plot 10 years ago;Rounded to 1 decimal;0;0;;1
gr_iev;14;volume_10;numeric;;m³;https://icp-forests.org/documentation/ExplanatoryItems/68.html;Volume per plot 10 years ago;;0;0;;1
gr_iev;15;thinning_10_15;smallint;;YES = 1, NO = 0;https://icp-forests.org/documentation/ExplanatoryItems/69.html;Thinning between 10 and 15 years ago;;0;0;;1
gr_iev;16;basal_area_15;numeric;;m²/ha;;Basal area per plot 15 years ago;Rounded to 1 decimal;0;0;;1
gr_iev;17;volume_15;numeric;;m³;https://icp-forests.org/documentation/ExplanatoryItems/68.html;Volume per plot 15 years ago;;0;0;;1
gr_iev;18;thinning_15_20;smallint;;YES = 1, NO = 0;https://icp-forests.org/documentation/ExplanatoryItems/69.html;Thinning between 15 and 20 years ago;;0;0;;1
gr_iev;19;basal_area_20;numeric;;m²/ha;;Basal area per plot 20 years ago;Rounded to 1 decimal;0;0;;1
gr_iev;20;volume_20;numeric;;m³;https://icp-forests.org/documentation/ExplanatoryItems/68.html;Volume per plot 20 years ago;;0;0;;1
gr_iev;21;thinning_20_25;smallint;;YES = 1, NO = 0;https://icp-forests.org/documentation/ExplanatoryItems/69.html;Thinning between 20 and 25 years ago;;0;0;;1
gr_iev;22;basal_area_25;numeric;;m²/ha;;Basal area per plot 25 years ago;Rounded to 1 decimal;0;0;;1
gr_iev;23;volume_25;numeric;;m³;https://icp-forests.org/documentation/ExplanatoryItems/68.html;Volume per plot 25 years ago;;0;0;;1
gr_iev;24;other_obs;character varying;;FREE TEXT;;Supplementary comments;;0;0;;0
gr_iev;25;partner_code;smallint;d_partner;;;Unique ID of each data submitting partner;;1;0;;0
gr_iev;26;q_flag;smallint;d_qflags;;;Quality flag (10: confirmed warning in this row);;1;0;;0
gr_iev;27;change_date;timestamp without time zone;;;;Date of the last change;;1;0;;0
gr_iev;28;code_line;character varying;;;;Technical key;;1;0;;0
gr_iev;29;line_nr;integer;;;;Unique number of a row submitted for a form (per survey-year);Used to join data with warnings from submission tests;1;0;;0
gr_inv;1;survey_year;smallint;;;;Year of the data collection;;1;1;;0
gr_inv;2;code_country;smallint;d_country;;;Unique ID of each country;;1;1;;0
gr_inv;3;code_plot;integer;;;;Observation plot number;A unique number (per country) given to the permanent plot during the selection or installation;1;1;;0
gr_inv;4;latitude;character varying;;+DDMMSS;https://icp-forests.org/documentation/ExplanatoryItems/4.html;Latitude in Degrees Minutes Seconds (WGS84);E.g. '+505852' = 50 Degree, 58 Minutes, 52 Seconds;1;0;;0
gr_inv;5;longitude;character varying;;+/-DDMMSS;https://icp-forests.org/documentation/ExplanatoryItems/4.html;Longitude in Degrees Minutes Seconds (WGS84);E.g. '+035531' = 3 Degree, 55 Minutes, 31 Seconds;1;0;;0
gr_inv;6;code_altitude;smallint;d_altitude;m;;Altitude above sea level in 50 meter classes;;1;0;NOT DEFINED;1
gr_inv;7;date_sampling;date;;DDMMYY;;Date of sampling;E.g. '9th October 2012' = '091012';1;1;;0
gr_inv;8;stemvol_remain;numeric;;m³/ha;https://icp-forests.org/documentation/ExplanatoryItems/68.html;Stemwood volume;Remaining = alive trees only (rounded to 1 decimal);0;0;;1
gr_inv;9;stemvol_dead;numeric;;m³/ha;https://icp-forests.org/documentation/ExplanatoryItems/68.html;Stemwood volume;Newly dead (rounded to 1 decimal);0;0;;1
gr_inv;10;stemvol_removed;numeric;;m³/ha;https://icp-forests.org/documentation/ExplanatoryItems/68.html;Stemwood volume;Removed = alive in previous ass. trees missing since last inventory (rounded to 1 decimal);0;0;;1
gr_inv;11;other_obs;character varying;;FREE TEXT;;Supplementary comments;;0;0;;0
gr_inv;12;partner_code;smallint;d_partner;;;Unique ID of each data submitting partner;;1;0;;0
gr_inv;13;q_flag;smallint;d_qflags;;;Quality flag (10: confirmed warning in this row);;1;0;;0
gr_inv;14;change_date;timestamp without time zone;;;;Date of the last change;;1;0;;0
gr_inv;15;code_line;character varying;;;;Technical key;;1;0;;0
gr_inv;16;code_tree_species;smallint;d_tree_spec;;https://icp-forests.org/documentation/ExplanatoryItems/70.html;Coded tree species;Category -9 ('Not relevant') is not valid for this form. Please select a proper tree species.;1;1;0;1
gr_inv;17;trees_remain;integer;;;;Number of remaining trees;All trees/shoots from 5/3 cm (DBH) and more are counted;0;0;;1
gr_inv;18;trees_dead;integer;;;;Number of newly dead trees;All trees/shoots from 5/3 cm (DBH) and more are counted;0;0;;1
gr_inv;19;trees_removed;integer;;;;Number of removed trees;All trees/shoots from 5/3 cm (DBH) and more are counted;0;0;;1
gr_inv;20;diameter_basal_area_tree;numeric;;cm;https://icp-forests.org/documentation/ExplanatoryItems/72.html;Diameter of basal area mean tree;Remaining = alive trees only, rounded to the nearest 0.1 centimeters;0;0;;1
gr_inv;21;height_basal_area_tree;numeric;;m;https://icp-forests.org/documentation/ExplanatoryItems/72.html;Height of basal area mean tree;Rounded to the nearest 0.1 meters;0;0;;1
gr_inv;22;top_height_absolute;numeric;;m;https://icp-forests.org/documentation/ExplanatoryItems/73.html;Top height absolute;Rounded to the nearest 0.1 meters;0;0;;1
gr_inv;23;trees_top_height;smallint;;;https://icp-forests.org/documentation/ExplanatoryItems/73.html;Number of largest trees absolute top height was calculated for;;0;0;;1
gr_inv;24;top_height_relative;numeric;;m;https://icp-forests.org/documentation/ExplanatoryItems/73.html;Top height relative;Rounded to the nearest 0.1 meters;0;0;;1
gr_inv;25;percentage_top_height_relative;numeric;;%;https://icp-forests.org/documentation/ExplanatoryItems/73.html;Percentage of largest trees relative top height was calculated for;;0;0;;1
gr_inv;26;gr_plot_id;smallint;;;https://icp-forests.org/documentation/ExplanatoryItems/39.html;Growth plot ID;;1;1;;0
gr_inv;27;line_nr;integer;;;;Unique number of a row submitted for a form (per survey-year);Used to join data with warnings from submission tests;1;0;;0
gr_ipm;1;survey_year;smallint;;;;Year of the data collection;;1;1;;0
gr_ipm;2;code_country;smallint;d_country;;;Unique ID of each country;;1;1;;0
gr_ipm;3;partner_code;smallint;d_partner;;;Unique ID of each data submitting partner;;1;0;;0
gr_ipm;4;code_plot;integer;;;;Observation plot number;A unique number (per country) given to the permanent plot during the selection or installation;1;1;;0
gr_ipm;5;gr_plot_id;smallint;;;https://icp-forests.org/documentation/ExplanatoryItems/39.html;Growth plot ID;;1;1;;0
gr_ipm;6;tree_number;character varying;;;https://icp-forests.org/documentation/ExplanatoryItems/154.html;Tree number;;1;1;;0
gr_ipm;7;code_tree_species;smallint;d_tree_spec;;;Coded tree species;Category -9 ('Not relevant') is not valid for this form. Please select a proper tree species.;1;0;0;1
gr_ipm;8;date_assessment;date;;DDMMYY;https://icp-forests.org/documentation/ExplanatoryItems/311.html;Date of assessment;E.g. '9th October 2012' = '091012';1;1;;0
gr_ipm;9;diameter;numeric;;cm;;Diameter at BHD (130 cm);;0;0;;1
gr_ipm;10;code_diameter_qc;smallint;d_gr_quality_code;;;Diameter quality code;;0;0;;1
gr_ipm;11;diameter2;numeric;;cm;;Second diameter at BHD (130 cm);;0;0;;1
gr_ipm;12;code_diameter2_qc;smallint;d_gr_quality_code;;;Quality code of the second diameter;;0;0;;1
gr_ipm;13;code_diameter;smallint;d_diameter;;;diameter measurement method;must always be reported together with diameter;0;0;;0
gr_ipm;14;bark;numeric;;cm;;Bark;The thickness of the bark at 1.30 m (in centimetres with one decimal);0;0;;1
gr_ipm;15;code_bark_qc;smallint;d_gr_quality_code;;;Bark quality code;;0;0;;1
gr_ipm;16;height;numeric;;m;;Height;rounded to 1 decimal;0;0;;1
gr_ipm;17;code_height_qc;smallint;d_gr_quality_code;;;Height quality code;;0;0;;1
gr_ipm;18;tree_volume;numeric;;m³;https://icp-forests.org/documentation/ExplanatoryItems/63.html;Tree volume;;0;0;;1
gr_ipm;19;code_volume_qc;smallint;d_gr_quality_code;;;Tree volume quality code;;0;0;;1
gr_ipm;20;code_volume;smallint;d_volume;;;exact volume definition;must always be reported together with tree_volume;0;0;;0
gr_ipm;21;crown_base_height;numeric;;m;https://icp-forests.org/documentation/ExplanatoryItems/64.html;Height (length) to crown base;rounded to 1 decimal;0;0;;1
gr_ipm;22;code_base_height_qc;smallint;d_gr_quality_code;;;Height to crown qualily code;;0;0;;1
gr_ipm;23;crown_width;numeric;;m;;Crown width (averaged);(avg of at least 4 crown radii) x 2    (rounded to 1 decimal);0;0;;1
gr_ipm;24;code_crown_width_qc;smallint;d_gr_quality_code;;;Crown width quality code;;0;0;;1
gr_ipm;25;code_removal;smallint;d_removal_mortality_ccgr;;https://icp-forests.org/documentation/ExplanatoryItems/43.html;Removal/Mortality - status of tree;;1;0;;1
gr_ipm;26;other_obs;character varying;;FREE TEXT;;Supplementary comments;;0;0;;0
gr_ipm;27;q_flag;smallint;d_qflags;;;Quality flag (10: confirmed warning in this row);;1;0;;0
gr_ipm;28;change_date;timestamp without time zone;;;;Date of the last change;;1;0;;0
gr_ipm;29;code_line;character varying;;;;Technical key;;1;0;;0
gr_ipm;30;line_nr;integer;;;;Unique number of a row submitted for a form (per survey-year);Used to join data with warnings from submission tests;1;0;;0
gr_ira;1;survey_year;smallint;;;;Year of the data collection;;1;1;;0
gr_ira;2;code_country;smallint;d_country;;;Unique ID of each country;;1;1;;0
gr_ira;3;code_plot;integer;;;;Observation plot number;A unique number (per country) given to the permanent plot during the selection or installation;1;1;;0
gr_ira;4;tree_number;character varying;;;https://icp-forests.org/documentation/ExplanatoryItems/154.html;Tree number with initial R for Ring analysis and D for Disk sampling;With initial R for Ring analysis and D for Disk sampling optonal: IRH together with IRM replacing old IRA form;1;1;;0
gr_ira;5;code_tree_species;smallint;d_tree_spec;;;Coded tree species;Category -9 ('Not relevant') is not valid for this form. Please select a proper tree species.;1;0;0;1
gr_ira;6;dbh_actual;numeric;;cm;;Actual DBH over bark;Optonal: IRH together with IRM replacing old IRA form;1;0;;1
gr_ira;7;diameter_0;numeric;;cm;;Actual diameter under bark;Optonal: IRH together with IRM replacing old IRA form;0;0;;1
gr_ira;8;diameter_5;numeric;;cm;;Diameter under bark 5 years ago;Optonal: IRH together with IRM replacing old IRA form;0;0;;1
gr_ira;9;diameter_10;numeric;;cm;;Diameter under bark 10 years ago;Optonal: IRH together with IRM replacing old IRA form;0;0;;1
gr_ira;10;diameter_15;numeric;;cm;;Diameter under bark 15 years ago;Optonal: IRH together with IRM replacing old IRA form;0;0;;1
gr_ira;11;diameter_20;numeric;;cm;;Diameter under bark 20 years ago;Optonal: IRH together with IRM replacing old IRA form;0;0;;1
gr_ira;12;diameter_25;numeric;;cm;;Diameter under bark 25 years ago;Optonal: IRH together with IRM replacing old IRA form;0;0;;1
gr_ira;13;diameter_30;numeric;;cm;;Diameter under bark 30 years ago;Optonal: IRH together with IRM replacing old IRA form;0;0;;1
gr_ira;14;diameter_35;numeric;;cm;;Diameter under bark 35 years ago;Optonal: IRH together with IRM replacing old IRA form;0;0;;1
gr_ira;15;diameter_40;numeric;;cm;;Diameter under bark 40 years ago;Optonal: IRH together with IRM replacing old IRA form;0;0;;1
gr_ira;16;diameter_45;numeric;;cm;;Diameter under bark 45 years ago;Optonal: IRH together with IRM replacing old IRA form;0;0;;1
gr_ira;17;diameter_50;numeric;;cm;;Diameter under bark 50 years ago;Optonal: IRH together with IRM replacing old IRA form;0;0;;1
gr_ira;18;other_obs;character varying;;FREE TEXT;;Supplementary comments;;0;0;;0
gr_ira;19;partner_code;smallint;d_partner;;;Unique ID of each data submitting partner;;1;0;;0
gr_ira;20;q_flag;smallint;d_qflags;;;Quality flag (10: confirmed warning in this row);;1;0;;0
gr_ira;21;change_date;timestamp without time zone;;;;Date of the last change;;1;0;;0
gr_ira;22;code_line;character varying;;;;Technical key;;1;0;;0
gr_ira;23;line_nr;integer;;;;Unique number of a row submitted for a form (per survey-year);Used to join data with warnings from submission tests;1;0;;0
gr_irh;1;survey_year;smallint;;;;Year of the data collection;;1;1;;0
gr_irh;2;code_country;smallint;d_country;;;Unique ID of each country;;1;1;;0
gr_irh;3;code_plot;integer;;;;Observation plot number;A unique number (per country) given to the permanent plot during the selection or installation;1;1;;0
gr_irh;4;gr_plot_id;smallint;;;https://icp-forests.org/documentation/ExplanatoryItems/39.html;Growth plot ID;;1;1;;0
gr_irh;5;tree_number;character varying;;;https://icp-forests.org/documentation/ExplanatoryItems/154.html;Tree number with initial R for Ring analysis and D for Disk sampling;;1;1;;0
gr_irh;6;code_tree_species;smallint;d_tree_spec;;;Coded tree species;Category -9 ('Not relevant') is not valid for this form. Please select a proper tree species.;1;0;0;1
gr_irh;7;repetition;smallint;;;;Repetition;E.g. '1, 2, 3, 4' in case of four cores, '1' in case of a single core or a stem disc analysis;1;1;;0
gr_irh;8;date_analysis;date;;DDMMYY;;Date analyses;E.g. '9th October 2012' = '091012';1;1;;0
gr_irh;9;recent_year;smallint;;;;Most recent year;Year of ring with number 1 in form IRM;0;0;;0
gr_irh;10;n_tree_rings;smallint;;;;Number of tree rings;Number of rows/lines in form IRM related to this tree and repetition;0;0;;1
gr_irh;11;other_obs;character varying;;FREE TEXT;;Supplementary comments;;0;0;;0
gr_irh;12;partner_code;smallint;d_partner;;;Unique ID of each data submitting partner;;1;0;;0
gr_irh;13;q_flag;smallint;d_qflags;;;Quality flag (10: confirmed warning in this row);;1;0;;0
gr_irh;14;change_date;timestamp without time zone;;;;Date of the last change;;1;0;;0
gr_irh;15;code_line;character varying;;;;Technical key;;1;0;;0
gr_irh;16;line_nr;integer;;;;Unique number of a row submitted for a form (per survey-year);Used to join data with warnings from submission tests;1;0;;0
gr_irm;1;survey_year;smallint;;;;Year of the data collection;;1;1;;0
gr_irm;2;code_country;smallint;d_country;;;Unique ID of each country;;1;1;;0
gr_irm;3;code_plot;integer;;;;Observation plot number;A unique number (per country) given to the permanent plot during the selection or installation;0;1;;0
gr_irm;4;gr_plot_id;smallint;;;https://icp-forests.org/documentation/ExplanatoryItems/39.html;Growth plot ID;;1;1;;0
gr_irm;5;tree_number;character varying;;;https://icp-forests.org/documentation/ExplanatoryItems/154.html;Tree number with initial R for Ring analysis and D for Disk sampling;With initial R for Ring analysis and D for Disk sampling;1;1;;0
gr_irm;6;repetition;smallint;;;;Repetition;E.g. '1, 2, 3, 4' in case of four cores, '1' in case of a single core or a stem disc analysis;1;1;;0
gr_irm;7;ring_number;smallint;;;;Number of ring;Starting with 1 for most recent ring of each combination of plot, tree and repectition;1;1;;0
gr_irm;8;ring_width;integer;;in 0.01 mm;;Tree ring width;E.g. 376 = 3.76 mm (-9 = lost tree ring);0;0;;1
gr_irm;9;other_obs;character varying;;FREE TEXT;;Supplementary comments;;0;0;;0
gr_irm;10;partner_code;smallint;d_partner;;;Unique ID of each data submitting partner;;1;0;;0
gr_irm;11;q_flag;smallint;d_qflags;;;Quality flag (10: confirmed warning in this row);;1;0;;0
gr_irm;12;change_date;timestamp without time zone;;;;Date of the last change;;1;0;;0
gr_irm;13;code_line;character varying;;;;Technical key;;1;0;;0
gr_irm;14;line_nr;integer;;;;Unique number of a row submitted for a form (per survey-year);Used to join data with warnings from submission tests;1;0;;0
gr_irp;1;survey_year;smallint;;;;Year of the data collection;;1;1;;0
gr_irp;2;code_country;smallint;d_country;;;Unique ID of each country;;1;1;;0
gr_irp;3;code_plot;integer;;;;Observation plot number;A unique number (per country) given to the permanent plot during the selection or installation;1;1;;0
gr_irp;4;gr_plot_id;smallint;;;https://icp-forests.org/documentation/ExplanatoryItems/39.html;Growth plot ID;;1;1;;0
gr_irp;5;tree_number;character varying;;;https://icp-forests.org/documentation/ExplanatoryItems/154.html;Tree number (as marked during installation);;1;1;;0
gr_irp;6;date_assessment;date;;DDMMYY;;Date of Assessment;E.g. '9th October 2012' = '091012';1;1;;0
gr_irp;7;diameter_actual;numeric;;cm;;Actual diameter;(girthband or dendrometer measurement) or average diameter;0;0;;1
gr_irp;8;diameter_time;character;;HHMMSS;;Time of diameter measurement or reference time for which average diameter calculated;"E.g. '9:45:53' = '094553'; the day starts with 00:00:00 and ends with 23:59:59";1;1;;0
gr_irp;9;code_measurement_avg;smallint;d_measurement_average;;;Measurement (code 1) or average value (code 2);;0;0;;0
gr_irp;10;code_dendrometer;numeric;d_dendrometer;;;Continuous dendrometer;;1;1;;0
gr_irp;11;sensor_exchanged;character varying;;YES=Y, NO=N;;Sensor was exchanged before this measurement or measurement adjusted;;0;0;;0
gr_irp;12;other_obs;character varying;;FREE TEXT;;Supplementary comments;;0;0;;0
gr_irp;13;partner_code;smallint;d_partner;;;Unique ID of each data submitting partner;;1;0;;0
gr_irp;14;q_flag;smallint;d_qflags;;;Quality flag (10: confirmed warning in this row);;1;0;;0
gr_irp;15;change_date;timestamp without time zone;;;;Date of the last change;;1;0;;0
gr_irp;16;code_line;character varying;;;;Technical key;;1;0;;0
gr_irp;17;line_nr;integer;;;;Unique number of a row submitted for a form (per survey-year);Used to join data with warnings from submission tests;1;0;;0
gr_pli;1;survey_year;smallint;;;;Year of the data collection;;1;1;;0
gr_pli;2;code_country;smallint;d_country;;;Unique ID of each country;;1;1;;0
gr_pli;3;code_plot;integer;;;;Observation plot number;A unique number (per country) given to the permanent plot during the selection or installation;1;1;;0
gr_pli;4;date_observation;date;;DDMMYY;;Date of observation;E.g. '9th October 2012' = '091012';1;1;;0
gr_pli;5;latitude;character varying;;+DDMMSS;https://icp-forests.org/documentation/ExplanatoryItems/4.html;Latitude in Degrees Minutes Seconds (WGS84);E.g. '+505852' = 50 Degree, 58 Minutes, 52 Seconds;1;0;;0
gr_pli;6;longitude;character varying;;+/-DDMMSS;https://icp-forests.org/documentation/ExplanatoryItems/4.html;Longitude in Degrees Minutes Seconds (WGS84);E.g. '+035531' = 3 Degree, 55 Minutes, 31 Seconds;1;0;;0
gr_pli;7;total_plot_size;numeric;;ha;https://icp-forests.org/documentation/ExplanatoryItems/39.html;Total plot size in hectares;;1;0;;1
gr_pli;8;trees_number;integer;;;;UNDEFINED - inactive;;;;;
gr_pli;9;sample_plot_size;numeric;;;;UNDEFINED - inactive;;;;;
gr_pli;10;other_obs;character varying;;FREE TEXT;;Supplementary comments;;0;0;;0
gr_pli;11;partner_code;smallint;d_partner;;;Unique ID of each data submitting partner;;1;0;;0
gr_pli;12;q_flag;smallint;d_qflags;;;Quality flag (10: confirmed warning in this row);;1;0;;0
gr_pli;13;change_date;timestamp without time zone;;;;Date of the last change;;1;0;;0
gr_pli;14;code_line;character varying;;;;Technical key;;1;0;;0
gr_pli;15;trees_growth;integer;;;https://icp-forests.org/documentation/ExplanatoryItems/75.html;Number of all standing trees (living and newly dead trees) in Growth plot.;Living and newly dead trees;1;0;;1
gr_pli;16;gr_plot_id;smallint;;;https://icp-forests.org/documentation/ExplanatoryItems/39.html;Growth plot ID;;1;1;;0
gr_pli;17;all_trees;character varying;;YES=Y, NO=N;;All trees measured?;When 'NO' is indicated, no area relation can be calculated;1;0;;0
gr_pli;18;line_nr;integer;;;;Unique number of a row submitted for a form (per survey-year);Used to join data with warnings from submission tests;1;0;;0
