code;description;valid_from_survey_year;valid_to_survey_year
0;No data, thus no information on check procedures;1984;
1;Raw data without any quality checking after measurement;1984;
2;Data checked and qualified to be correct;1984;
3;Data checked and found to be outside plausible range, not corrected;1984;
4;Data checked and found to be inconsistent with other measures from same assessment (h/d-ratio, ...), not corrected;1984;
5;Data checked and found to be inconsistent with the same measure from other assessments (negative increment, ...), not corrected;1984;
6;Data checked and found to be outside plausible range, corrected;1984;
7;Data checked and found to be inconsistent with other measurements from same assessment (h/d-ratio, ...), corrected;1984;
8;Data checked and found to be inconsistent with the same measurement from other assessments (negative increment, ...), corrected;1984;
9;Data not measured but estimated;1984;
