code;description;category;applicable_cc;applicable_gr;valid_from_survey_year;valid_to_survey_year
11;Planned utilization, e.g. thinning;TREE HAS BEEN CUT AND REMOVED, ONLY ITS STUMP HAS BEEN LEFT;1;1;1984;
12;Utilization for biotic reasons, e.g. insect damage;TREE HAS BEEN CUT AND REMOVED, ONLY ITS STUMP HAS BEEN LEFT;1;1;1984;
13;Utilization for abiotic reasons, e.g. windthrow;TREE HAS BEEN CUT AND REMOVED, ONLY ITS STUMP HAS BEEN LEFT;1;1;1984;
18;Reason for disappearance unknown;TREE HAS BEEN CUT AND REMOVED, ONLY ITS STUMP HAS BEEN LEFT;1;1;1984;
21;Lop-sided or hanging tree;TREE IS STANDING AND ALIVE, BUT CROWN CONDITION PARAMETERS ARE NO LONG ASSESSED;1;1;1984;
22;Heavy crown break (over 50% of the crown) or broken stem;TREE IS STANDING AND ALIVE, BUT CROWN CONDITION PARAMETERS ARE NO LONG ASSESSED;1;0;1984;
23;Tree is no longer in Kraft classes 1, 2 or 3 (not applicable to the first inventory in a plot);TREE IS STANDING AND ALIVE, BUT CROWN CONDITION PARAMETERS ARE NO LONG ASSESSED;1;0;1984;
29;Other reasons (specify);TREE IS STANDING AND ALIVE, BUT CROWN CONDITION PARAMETERS ARE NO LONG ASSESSED;1;1;1984;
31;Biotic reasons, e.g. bark beetle attack;STANDING DEAD TREE;1;1;1984;
32;Abiotic reasons, e.g. drought, lightning;STANDING DEAD TREE;1;1;1984;
38;Unknown cause of death;STANDING DEAD TREE;1;1;1984;
41;Abiotic reasons (e.g. storm);TREES THAT HAVE FALLEN (living or dead);1;1;1984;
42;Biotic reasons (e.g. beavers);TREES THAT HAVE FALLEN (living or dead);1;1;1984;
48;Unknown cause;TREES THAT HAVE FALLEN (living or dead);1;1;1984;
2;New alive tree (ingrowth);TREE ALIVE;1;1;1984;
14;Cut, reason unknown;TREE HAS BEEN CUT AND REMOVED, ONLY ITS STUMP HAS BEEN LEFT;1;1;1984;
33;Crown breakage;STANDING DEAD TREE;0;1;1984;
34;Stem breakage, below crown base and above 1.3 m;STANDING DEAD TREE;0;1;1984;
24;Breakage of the tip(s) of the tree (shoot);TREE IS STANDING AND ALIVE, BUT CROWN CONDITION PARAMETERS ARE NO LONG ASSESSED;0;1;1984;
25;Tree not in height growth sample;TREE IS STANDING AND ALIVE, BUT CROWN CONDITION PARAMETERS ARE NO LONG ASSESSED;0;1;1984;
7;No info on this tree with this submission (e.g. tree forgotten during field work);TREE ALIVE;1;1;1984;
8;Alive tree but due to alternating tree selection not in submitted sample;TREE ALIVE;1;1;1984;
19;Reason for disappearance not determined/observed;TREE HAS BEEN CUT AND REMOVED, ONLY ITS STUMP HAS BEEN LEFT;1;1;1984;
39;Cause was not determined/observed;STANDING DEAD TREE;1;1;1984;
49;Cause was not determined/observed;TREES THAT HAVE FALLEN (living or dead);1;1;1984;
1;Tree alive, in current and previous inventory;TREE ALIVE;1;1;1984;
0;Tree alive and measurable (new, note this is different than a missing value);TREE ALIVE;0;0;-99;-99
4;Alive tree but tree not longer in the sample due to heavy disturbances (e.g. heavy storm damage);TREE ALIVE;0;1;1984;
3;Alive tree (present but not assessed in previous inventory, incl. replacement trees);TREE ALIVE;1;1;1984;
-99;No information provided - just valid for survey C1;;1;0;1984;2010
