code;description;grp_tree_species;valid_from_survey_year;valid_to_survey_year;code_species_group
24;Ilex aquifolium;broadleaves;1984;;bro
91;Ilex canariensis;broadleaves;1984;;bro
25;Juglans nigra;broadleaves;1984;;bro
26;Juglans regia;broadleaves;1984;;bro
92;Laurus canariensis;broadleaves;1984;;bro
80;Laurus nobilis;broadleaves;1984;;bro
27;Malus domestica;broadleaves;1984;;bro
93;Myrica faya;broadleaves;1984;;bro
81;Myrtus communis;broadleaves;1984;;bro
99;Other broadleaves;broadleaves;1984;;bro
82;Phillyrea latifolia;broadleaves;1984;;bro
84;Pistacia lentiscus;broadleaves;1984;;bro
85;Pistacia terebinthus;broadleaves;1984;;bro
30;Platanus orientalis;broadleaves;1984;;bro
31;Populus alba;broadleaves;1984;;bro
211;Populus sp.;broadleaves;1984;;bro
38;Prunus padus;broadleaves;1984;;bro
39;Prunus serotina;broadleaves;1984;;bro
40;Pyrus communis;broadleaves;1984;;bro
208;Quercus aucheri  ;broadleaves;1984;;bro
206;Quercus brantii;broadleaves;1984;;bro
201;Quercus hartwissiana;broadleaves;1984;;bro
203;Quercus infectoria;broadleaves;1984;;bro
207;Quercus ithaburensis;broadleaves;1984;;bro
205;Quercus libani;broadleaves;1984;;bro
204;Quercus macranthera;broadleaves;1984;;bro
142;Abies cilicica;conifers;1984;;con
103;Abies grandis;conifers;1984;;con
105;Abies pinsapo;conifers;1984;;con
106;Abies procera;conifers;1984;;con
107;Cedrus atlantica;conifers;1984;;con
141;Cedrus brevifolia;conifers;1984;;con
108;Cedrus deodara;conifers;1984;;con
143;Cedrus libani;conifers;1984;;con
109;Cupressus lusitanica;conifers;1984;;con
110;Cupressus sempervirens;conifers;1984;;con
111;Juniperus communis;conifers;1984;;con
144;Juniperus excelsa;conifers;1984;;con
145;Juniperus foetidissima;conifers;1984;;con
113;Juniperus phoenicea;conifers;1984;;con
114;Juniperus sabina;conifers;1984;;con
199;Other conifers;conifers;1984;;con
119;Picea omorika;conifers;1984;;con
146;Picea orientalis;conifers;1984;;con
122;Pinus canariensis;conifers;1984;;con
126;Pinus heldreichii;conifers;1984;;con
133;Pinus strobus;conifers;1984;;con
137;Taxus baccata;conifers;1984;;con
138;Thuya sp.;conifers;1984;;con
139;Tsuga sp.;conifers;1984;;con
220;Malus sylvestris;broadleaves;1984;;bro
221;Aesculus hippocastanum;broadleaves;1984;;bro
888;All species;;1984;;
3;Acer opalus;broadleaves;1984;;bro
4;Acer platanoides;broadleaves;1984;;bro
215;Acer sp.;broadleaves;1984;;bro
8;Alnus incana;broadleaves;1984;;bro
216;Alnus sp.;broadleaves;1984;;bro
9;Alnus viridis;broadleaves;1984;;bro
74;Arbutus andrachne;broadleaves;1984;;bro
73;Arbutus unedo;broadleaves;1984;;bro
212;Betula sp.;broadleaves;1984;;bro
88;Betula tortuosa;broadleaves;1984;;bro
214;Betula x hybrida;broadleaves;1984;;bro
12;Buxus sempervirens;broadleaves;1984;;bro
14;Carpinus orientalis;broadleaves;1984;;bro
75;Ceratonia siliqua;broadleaves;1984;;bro
76;Cercis siliquastrum;broadleaves;1984;;bro
23;Fraxinus ornus;broadleaves;1984;;bro
94;Central Anatolian oaks;broadleaves;-99;-99;bro
90;Crataegus monogyna;broadleaves;1984;;bro
217;Crataegus sp.;broadleaves;1984;;bro
77;Erica arborea;broadleaves;1984;;bro
79;Erica manipuliflora;broadleaves;1984;;bro
78;Erica scoparia;broadleaves;1984;;bro
19;Fagus orientalis;broadleaves;1984;;bro
98;Quercus petraea_or_robur;broadleaves;1984;;dto
209;Quercus pontica;broadleaves;1984;;bro
55;Quercus trojana;broadleaves;1984;;bro
202;Quercus vulcanica;broadleaves;1984;;bro
87;Rhamnus alaternus;broadleaves;1984;;bro
86;Rhamnus oleoides;broadleaves;1984;;bro
57;Salix alba;broadleaves;1984;;bro
58;Salix caprea;broadleaves;1984;;bro
59;Salix cinerea;broadleaves;1984;;bro
60;Salix eleagnos;broadleaves;1984;;bro
61;Salix fragilis;broadleaves;1984;;bro
62;Salix sp.;broadleaves;1984;;bro
63;Sorbus aria;broadleaves;1984;;bro
64;Sorbus aucuparia;broadleaves;1984;;bro
65;Sorbus domestica;broadleaves;1984;;bro
66;Sorbus torminalis;broadleaves;1984;;bro
67;Tamarix africana;broadleaves;1984;;bro
68;Tilia cordata;broadleaves;1984;;bro
69;Tilia platyphyllos;broadleaves;1984;;bro
210;Tilia sp.;broadleaves;1984;;bro
213;Ulmus sp.;broadleaves;1984;;bro
147;Abies amabilis;conifers;1984;;con
28;Olea europaea;broadleaves;1984;;bro
29;Ostrya carpinifolia;broadleaves;1984;;bro
33;Populus hybrides;broadleaves;1984;;bro
34;Populus nigra;broadleaves;1984;;bro
35;Populus tremula;broadleaves;1984;;bro
36;Prunus avium;broadleaves;1984;;bro
41;Quercus cerris;broadleaves;1984;;dmo
43;Quercus faginea;broadleaves;1984;;bro
46;Quercus ilex;broadleaves;1984;;eo
104;Abies nordmanniana;conifers;1984;;con
112;Juniperus oxycedrus;conifers;1984;;con
115;Juniperus thurifera;conifers;1984;;con
116;Larix decidua;conifers;1984;;con
120;Picea sitchensis;conifers;1984;;con
121;Pinus brutia;conifers;1984;;mlp
123;Pinus cembra;conifers;1984;;con
124;Pinus contorta;conifers;1984;;con
125;Pinus halepensis;conifers;1984;;mlp
129;Pinus nigra;conifers;1984;;pn
130;Pinus pinaster;conifers;1984;;mlp
131;Pinus pinea;conifers;1984;;mlp
134;Pinus sylvestris;conifers;1984;;ps
135;Pinus uncinata;conifers;1984;;con
136;Pseudotsuga menziesii;conifers;1984;;con
0;Not known;;-99;-99;
1;Acer campestre;broadleaves;1984;;bro
2;Acer monspessulanum;broadleaves;1984;;bro
5;Acer pseudoplatanus;broadleaves;1984;;bro
6;Alnus cordata;broadleaves;1984;;bro
7;Alnus glutinosa;broadleaves;1984;;bro
10;Betula pendula;broadleaves;1984;;bro
11;Betula pubescens;broadleaves;1984;;bro
18;Fagus moesiaca;broadleaves;1984;;fs
13;Carpinus betulus;broadleaves;1984;;bro
16;Corylus avellana;broadleaves;1984;;bro
17;Eucalyptus sp.;broadleaves;1984;;bro
20;Fagus sylvatica;broadleaves;1984;;fs
22;Fraxinus excelsior;broadleaves;1984;;bro
48;Quercus petraea;broadleaves;1984;;dto
49;Quercus pubescens;broadleaves;1984;;dmo
52;Quercus rotundifolia;broadleaves;1984;;eo
53;Quercus rubra;broadleaves;1984;;bro
54;Quercus suber;broadleaves;1984;;eo
56;Robinia pseudoacacia;broadleaves;1984;;bro
100;Abies alba;conifers;1984;;con
101;Abies borisii-regis;conifers;1984;;con
118;Picea abies;conifers;1984;;pa
15;Castanea sativa;broadleaves;1984;;bro
37;Prunus dulcis;broadleaves;1984;;bro
42;Quercus coccifera;broadleaves;1984;;eo
44;Quercus frainetto;broadleaves;1984;;dmo
45;Quercus fruticosa;broadleaves;1984;;bro
47;Quercus macrolepis;broadleaves;1984;;bro
50;Quercus pyrenaica;broadleaves;1984;;dmo
51;Quercus robur;broadleaves;1984;;dto
70;Ulmus glabra;broadleaves;1984;;bro
71;Ulmus laevis;broadleaves;1984;;bro
72;Ulmus minor;broadleaves;1984;;bro
117;Larix kaempferi;conifers;1984;;con
128;Pinus mugo;conifers;1984;;con
132;Pinus radiata;conifers;1984;;con
21;Fraxinus angustifolia;broadleaves;1984;;bro
83;Phillyrea angustifolia;broadleaves;1984;;bro
102;Abies cephalonica;conifers;1984;;con
140;Chamaecyparis lawsoniana;conifers;1984;;con
197;Larix sp.;conifers;1984;;con
198;Abies sp.;conifers;1984;;con
148;Abies concolor;conifers;1984;;con
149;Abies veitchii;conifers;1984;;con
150;Larix eurolepis;conifers;1984;;con
151;Picea glauca;conifers;1984;;con
152;Picea pungens;conifers;1984;;con
153;Pinus banksiana;conifers;1984;;con
154;Pinus peuce;conifers;1984;;con
155;Pinus rigida;conifers;1984;;con
156;Pinus wallichiana;conifers;1984;;con
157;Araucaria araucana;conifers;1984;;con
158;Calocedrus decurrens;conifers;1984;;con
159;Cryptomeria japonica;conifers;1984;;con
160;Metasequoia glyptostroboides;conifers;1984;;con
161;Sequoiadendron giganteum;conifers;1984;;con
163;Taxodium distichum;conifers;1984;;con
164;Tsuga canadensis;conifers;1984;;con
222;Acer negundo;broadleaves;1984;;bro
223;Acer obtusatum;broadleaves;1984;;bro
224;Acer saccharinum;broadleaves;1984;;bro
225;Acer tataricum;broadleaves;1984;;bro
226;Fraxinus americana;broadleaves;1984;;bro
227;Fraxinus pennsylvanica;broadleaves;1984;;bro
228;Laburnum alpinum;broadleaves;1984;;bro
229;Laburnum anagyroides;broadleaves;1984;;bro
230;Populus balsamifera;broadleaves;1984;;bro
231;Populus deltoides;broadleaves;1984;;bro
232;Prunus cerasifera;broadleaves;1984;;bro
233;Prunus domestica;broadleaves;1984;;bro
234;Prunus laurocerasus;broadleaves;1984;;bro
235;Prunus mahaleb;broadleaves;1984;;bro
236;Prunus spinosa;broadleaves;1984;;bro
237;Quercus palustris;broadleaves;1984;;bro
238;Quercus pedunculiflora;broadleaves;1984;;bro
239;Salix purpurea;broadleaves;1984;;bro
240;Salix triandra;broadleaves;1984;;bro
241;Salix viminalis;broadleaves;1984;;bro
242;Ailanthus altissima;broadleaves;1984;;bro
243;Broussonetia papyrifera;broadleaves;1984;;bro
244;Carya ovata;broadleaves;1984;;bro
245;Corylus colurna;broadleaves;1984;;bro
246;Crataegus laevigata;broadleaves;1984;;bro
247;Liriodendron tulipifera;broadleaves;1984;;bro
248;Mespilus germanica;broadleaves;1984;;bro
249;Paulownia tomentosa;broadleaves;1984;;bro
250;Petteria ramentacea;broadleaves;1984;;bro
251;Phillyrea media;broadleaves;1984;;bro
252;Platanus xacerifolia;broadleaves;1984;;bro
253;Pyrus pyraster;broadleaves;1984;;bro
254;Sorbus austriaca;broadleaves;1984;;bro
255;Tilia tomentosa;broadleaves;1984;;bro
32;Populus x canescens;broadleaves;1984;;bro
162;Tamarix ramosissima;broadleaves;1984;;bro
-9;Not relevant (just valid for SI-EVE);;1984;;
